{
    "model": "chatlaw2",
    "REA": 0.005376344086021506,
    "LAW": 0.0,
    "VER": 0.010752688172043012,
    "PRO": 0.0,
    "KEY": 0.0,
    "FIR": 0.053763440860215055,
    "COM": 0.0
}