{
    "model": "claude",
    "REA": 0.4645161290322581,
    "LAW": 0.17831114524662914,
    "VER": 0.26881720430107525,
    "PRO": 0.5403225806451613,
    "KEY": 0.6534325889164599,
    "FIR": 0.7419354838709677,
    "COM": 0.5968775847808105
}