{
    "model": "deepseekv3",
    "REA": 0.19569892473118283,
    "LAW": 0.10829493087557604,
    "VER": 0.14301075268817204,
    "PRO": 0.25268817204301075,
    "KEY": 0.3242349048800662,
    "FIR": 0.3978494623655914,
    "COM": 0.2884615384615385
}