{
    "model": "deepseekr1",
    "REA": 0.0967741935483871,
    "LAW": 0.05126378997346739,
    "VER": 0.07634408602150537,
    "PRO": 0.12634408602150538,
    "KEY": 0.1621174524400331,
    "FIR": 0.1935483870967742,
    "COM": 0.14423076923076922
}