{
    "model": "gemma12B",
    "REA": 0.3419354838709677,
    "LAW": 0.039093701996927806,
    "VER": 0.16236559139784945,
    "PRO": 0.3709677419354839,
    "KEY": 0.5078577336641852,
    "FIR": 0.6774193548387096,
    "COM": 0.43941273779983464
}