{
    "model": "gemma27B",
    "REA": 0.43870967741935474,
    "LAW": 0.07115975422427036,
    "VER": 0.21827956989247313,
    "PRO": 0.42473118279569894,
    "KEY": 0.6162117452440032,
    "FIR": 0.8494623655913979,
    "COM": 0.5204714640198511
}