{
    "model": "glm9B",
    "REA": 0.2645161290322581,
    "LAW": 0.03224099675712579,
    "VER": 0.12473118279569893,
    "PRO": 0.4032258064516129,
    "KEY": 0.4937965260545906,
    "FIR": 0.5483870967741935,
    "COM": 0.4485111662531017
}