{
    "model": "GPT",
    "REA": 0.5408602150537634,
    "LAW": 0.1412062250771928,
    "VER": 0.31827956989247314,
    "PRO": 0.6102150537634409,
    "KEY": 0.674110835401158,
    "FIR": 0.9032258064516129,
    "COM": 0.6421629445822994
}