{
    "model": "internlm3",
    "REA": 0.12150537634408604,
    "LAW": 0.0,
    "VER": 0.11290322580645161,
    "PRO": 0.07258064516129033,
    "KEY": 0.09346567411083541,
    "FIR": 0.5483870967741935,
    "COM": 0.08302315963606285
}