{
    "model": "llama3_3",
    "REA": 0.3817204301075268,
    "LAW": 0.060692951015531654,
    "VER": 0.2053763440860215,
    "PRO": 0.4112903225806452,
    "KEY": 0.7088502894954509,
    "FIR": 0.967741935483871,
    "COM": 0.5600703060380481
}