{
    "model": "mistral7B",
    "REA": 0.16881720430107527,
    "LAW": 0.005376344086021506,
    "VER": 0.07419354838709677,
    "PRO": 0.20430107526881722,
    "KEY": 0.30024813895781644,
    "FIR": 0.3655913978494624,
    "COM": 0.2522746071133168
}