{
    "model": "qwen3_14B",
    "REA": 0.01827956989247312,
    "LAW": 0.010915607689801238,
    "VER": 0.013978494623655914,
    "PRO": 0.008064516129032258,
    "KEY": 0.019851116625310174,
    "FIR": 0.03225806451612903,
    "COM": 0.013957816377171214
}