{
    "model": "qwen3_4B",
    "REA": 0.23010752688172043,
    "LAW": 0.08993428912783752,
    "VER": 0.13870967741935483,
    "PRO": 0.24193548387096775,
    "KEY": 0.2928039702233251,
    "FIR": 0.44086021505376344,
    "COM": 0.2673697270471464
}