{
    "model": "qwen3_8B",
    "REA": 0.2172043010752688,
    "LAW": 0.10056750298685782,
    "VER": 0.1032258064516129,
    "PRO": 0.10215053763440861,
    "KEY": 0.1546732837055418,
    "FIR": 0.3978494623655914,
    "COM": 0.12841191066997518
}