{
    "model": "qwen3_32B",
    "REA": 0.4387096774193548,
    "LAW": 0.19194052661794592,
    "VER": 0.22688172043010754,
    "PRO": 0.3978494623655914,
    "KEY": 0.52191894127378,
    "FIR": 0.7096774193548387,
    "COM": 0.45988420181968565
}