{
    "model": "qwen2.5-7B",
    "REA": 0.20967741935483875,
    "LAW": 0.0845536781020652,
    "VER": 0.11612903225806452,
    "PRO": 0.1478494623655914,
    "KEY": 0.27626137303556664,
    "FIR": 0.40860215053763443,
    "COM": 0.212055417700579
}