{
    "model": "chatlaw2",
    "PLA": 0.06881720430107527,
    "DEF": 0.16702508960573478,
    "CLA": 0.23333333333333336,
    "EVI": 0.14946236559139783,
    "FAC": 0.23010752688172043,
    "ACC": 0.16974910394265233,
    "FOR": 0.22365591397849463,
    "AVE": 0.1774500768049155
}