{
    "model": "claude",
    "PLA": 0.9204301075268818,
    "DEF": 0.9311827956989248,
    "CLA": 0.9623655913978495,
    "EVI": 0.8516129032258065,
    "FAC": 0.7956989247311826,
    "ACC": 0.8922580645161289,
    "FOR": 0.6881720430107525,
    "AVE": 0.8631029185867894
}