{
    "model": "deepseekr1",
    "PLA": 0.7534050179211469,
    "DEF": 0.7103942652329749,
    "CLA": 0.4430107526881721,
    "EVI": 0.11720430107526882,
    "FAC": 0.29784946236559146,
    "ACC": 0.46437275985663073,
    "FOR": 0.6989247311827957,
    "AVE": 0.49788018433179726
}