{
    "model": "deepseekv3",
    "PLA": 0.7139784946236559,
    "DEF": 0.8767025089605733,
    "CLA": 0.6731182795698925,
    "EVI": 0.35161290322580646,
    "FAC": 0.5645161290322581,
    "ACC": 0.6359856630824372,
    "FOR": 0.8473118279569891,
    "AVE": 0.6661751152073733
}