{
    "model": "gemma27B",
    "PLA": 0.8652329749103943,
    "DEF": 0.9440860215053763,
    "CLA": 0.9838709677419355,
    "EVI": 0.7473118279569892,
    "FAC": 0.7010752688172042,
    "ACC": 0.8483154121863801,
    "FOR": 0.9634408602150537,
    "AVE": 0.8647619047619047
}