{
    "model": "gemma12B",
    "PLA": 0.8043010752688173,
    "DEF": 0.914695340501792,
    "CLA": 0.9688172043010752,
    "EVI": 0.7376344086021505,
    "FAC": 0.7817204301075271,
    "ACC": 0.8414336917562724,
    "FOR": 0.518279569892473,
    "AVE": 0.7952688172043011
}