{
    "model": "glm9B",
    "PLA": 0.8050179211469534,
    "DEF": 0.8387096774193549,
    "CLA": 0.8935483870967741,
    "EVI": 0.7354838709677418,
    "FAC": 0.8376344086021505,
    "ACC": 0.822078853046595,
    "FOR": 0.5655913978494623,
    "AVE": 0.785437788018433
}