{
    "model": "GPT",
    "PLA": 0.9268817204301075,
    "DEF": 0.9627240143369176,
    "CLA": 0.9731182795698925,
    "EVI": 0.7774193548387096,
    "FAC": 0.8526881720430107,
    "ACC": 0.8985663082437275,
    "FOR": 0.5892473118279569,
    "AVE": 0.8543778801843317
}