{
    "model": "internlm3",
    "PLA": 0.7741935483870968,
    "DEF": 0.5211469534050178,
    "CLA": 0.7956989247311826,
    "EVI": 0.7698924731182795,
    "FAC": 0.7483870967741935,
    "ACC": 0.721863799283154,
    "FOR": 0.9096774193548387,
    "AVE": 0.7486943164362518
}