{
    "model": "lawllm",
    "PLA": 0.002150537634408602,
    "DEF": 0.02078853046594982,
    "CLA": 0.04946236559139785,
    "EVI": 0.03978494623655914,
    "FAC": 0.030107526881720432,
    "ACC": 0.02845878136200717,
    "FOR": 0.12903225806451613,
    "AVE": 0.04282642089093702
}