{
    "model": "llama3_3",
    "PLA": 0.7885304659498208,
    "DEF": 0.9311827956989245,
    "CLA": 0.9795698924731183,
    "EVI": 0.6666666666666667,
    "FAC": 0.860215053763441,
    "ACC": 0.8452329749103942,
    "FOR": 0.978494623655914,
    "AVE": 0.8642703533026114
}