{
    "model": "mistral7B",
    "PLA": 0.0,
    "DEF": 0.1419354838709677,
    "CLA": 0.0,
    "EVI": 0.0,
    "FAC": 0.0,
    "ACC": 0.02838709677419355,
    "FOR": 0.6,
    "AVE": 0.11004608294930875
}