{
    "model": "qwen3_32B",
    "PLA": 0.7397849462365591,
    "DEF": 0.942652329749104,
    "CLA": 0.9849462365591399,
    "EVI": 0.7602150537634408,
    "FAC": 0.793548387096774,
    "ACC": 0.8442293906810034,
    "FOR": 0.9118279569892472,
    "AVE": 0.8538863287250384
}