{
    "model": "qwen2.5-7B",
    "PLA": 0.8415770609318998,
    "DEF": 0.9405017921146953,
    "CLA": 0.9182795698924732,
    "EVI": 0.5225806451612902,
    "FAC": 0.8473118279569893,
    "ACC": 0.8140501792114695,
    "FOR": 0.8946236559139784,
    "AVE": 0.8255606758832565
}