{
    "model": "qwen3_4B",
    "PLA": 0.893189964157706,
    "DEF": 0.9111111111111111,
    "CLA": 0.9483870967741935,
    "EVI": 0.7612903225806451,
    "FAC": 0.6698924731182795,
    "ACC": 0.8367741935483869,
    "FOR": 0.513978494623656,
    "AVE": 0.7906605222734254
}