{
    "model": "qwen3_14B",
    "PLA": 0.9397849462365592,
    "DEF": 0.9448028673835126,
    "CLA": 0.970967741935484,
    "EVI": 0.7967741935483872,
    "FAC": 0.8053763440860214,
    "ACC": 0.8915412186379927,
    "FOR": 0.6387096774193547,
    "AVE": 0.8554224270353303
}