{
    "model": "qwen3_8B",
    "PLA": 0.7627240143369176,
    "DEF": 0.771326164874552,
    "CLA": 0.8096774193548387,
    "EVI": 0.6086021505376343,
    "FAC": 0.6827956989247312,
    "ACC": 0.7270250896057348,
    "FOR": 0.7419354838709677,
    "AVE": 0.7291551459293395
}