{
    "model": "chatlaw2",
    "DEFEN": 0.010752688172043012,
    "DEFENSE": 0.016129032258064516,
    "EVI": 0.0,
    "DOC": 0.008960573476702509,
    "FOR": 0.012903225806451613,
    "AVE": 0.009946236559139785
}