{
    "model": "claude",
    "DEFEN": 0.7992831541218638,
    "DEFENSE": 0.8526881720430108,
    "EVI": 0.410752688172043,
    "DOC": 0.6875746714456392,
    "FOR": 0.3870967741935484,
    "AVE": 0.6124551971326165
}