{
    "model": "deepseekr1",
    "DEFEN": 0.735483870967742,
    "DEFENSE": 0.5365591397849462,
    "EVI": 0.16451612903225807,
    "DOC": 0.47885304659498207,
    "FOR": 0.3634408602150539,
    "AVE": 0.45
}