{
    "model": "deepseekv3",
    "DEFEN": 0.739068100358423,
    "DEFENSE": 0.743010752688172,
    "EVI": 0.8053763440860215,
    "DOC": 0.7624850657108722,
    "FOR": 0.5720430107526882,
    "AVE": 0.7148745519713262
}