{
    "model": "gemma27B",
    "DEFEN": 0.7892473118279569,
    "DEFENSE": 0.8021505376344086,
    "EVI": 0.4731182795698925,
    "DOC": 0.6881720430107526,
    "FOR": 0.3784946236559139,
    "AVE": 0.610752688172043
}