{
    "model": "gemma12B",
    "DEFEN": 0.6831541218637993,
    "DEFENSE": 0.8365591397849462,
    "EVI": 0.3956989247311828,
    "DOC": 0.6384707287933095,
    "FOR": 0.35268817204301073,
    "AVE": 0.5670250896057348
}