{
    "model": "glm9B",
    "DEFEN": 0.6982078853046595,
    "DEFENSE": 0.6161290322580645,
    "EVI": 0.25161290322580643,
    "DOC": 0.5219832735961768,
    "FOR": 0.4043010752688172,
    "AVE": 0.4925627240143369
}