{
    "model": "GPT",
    "DEFEN": 0.9254480286738351,
    "DEFENSE": 0.8655913978494625,
    "EVI": 0.7526881720430108,
    "DOC": 0.8479091995221028,
    "FOR": 0.4537634408602151,
    "AVE": 0.7493727598566308
}