{
    "model": "internlm3",
    "DEFEN": 0.47383512544802864,
    "DEFENSE": 0.7086021505376343,
    "EVI": 0.4322580645161291,
    "DOC": 0.538231780167264,
    "FOR": 0.3612903225806452,
    "AVE": 0.4939964157706093
}