{
    "model": "llama3_3",
    "DEFEN": 0.7103942652329749,
    "DEFENSE": 0.7193548387096773,
    "EVI": 0.44086021505376344,
    "DOC": 0.6235364396654719,
    "FOR": 0.3225806451612903,
    "AVE": 0.5482974910394265
}