{
    "model": "mistral7B",
    "DEFEN": 0.14121863799283155,
    "DEFENSE": 0.2021505376344086,
    "EVI": 0.07634408602150537,
    "DOC": 0.13990442054958183,
    "FOR": 0.3419354838709678,
    "AVE": 0.19041218637992832
}