{
    "model": "qwen3_32B",
    "DEFEN": 0.7340501792114695,
    "DEFENSE": 0.7924731182795699,
    "EVI": 0.37741935483870964,
    "DOC": 0.6346475507765831,
    "FOR": 0.4666666666666667,
    "AVE": 0.592652329749104
}