{
    "model": "qwen3_4B",
    "DEFEN": 0.6853046594982077,
    "DEFENSE": 0.5612903225806452,
    "EVI": 0.29677419354838713,
    "DOC": 0.5144563918757467,
    "FOR": 0.33118279569892467,
    "AVE": 0.4686379928315412
}