{
    "model": "qwen3_8B",
    "DEFEN": 0.25663082437275986,
    "DEFENSE": 0.278494623655914,
    "EVI": 0.14946236559139786,
    "DOC": 0.2281959378733572,
    "FOR": 0.1763440860215054,
    "AVE": 0.21523297491039425
}