{
    "model": "qwen3_14B",
    "DEFEN": 0.771326164874552,
    "DEFENSE": 0.7623655913978493,
    "EVI": 0.33763440860215055,
    "DOC": 0.6237753882915172,
    "FOR": 0.3655913978494624,
    "AVE": 0.5592293906810035
}