{
    "model": "qwen2.5-7B",
    "DEFEN": 0.6924731182795699,
    "DEFENSE": 0.7354838709677418,
    "EVI": 0.36344086021505373,
    "DOC": 0.5971326164874551,
    "FOR": 0.47096774193548374,
    "AVE": 0.5655913978494622
}