{
    "model": "templates",
    "REA": 0.6000000000000001,
    "LAW": 0.43437499999999996,
    "JUD": 0.3875,
    "STA": 0.53125,
    "ACT": 0.6490384615384616,
    "UNI": 1.0,
    "PFS": 0.5901442307692308
}