{
    "model": "chatlaw2",
    "binary_scores": 0.6063532555879494,
    "nonbinary_scores": 0.5310969387755102,
    "ave": 0.5687250971817298
}