{
    "model": "claude",
    "binary_scores": 0.6841209102688696,
    "nonbinary_scores": 0.6068877551020408,
    "ave": 0.6455043326854553
}