{
    "model": "gemma12B",
    "binary_scores": 0.6203028830579851,
    "nonbinary_scores": 0.4197874149659864,
    "ave": 0.5200451490119857
}