{
    "model": "glm9B",
    "binary_scores": 0.659525834143181,
    "nonbinary_scores": 0.5485969387755102,
    "ave": 0.6040613864593456
}