{
    "model": "GPT",
    "binary_scores": 0.6970197602850664,
    "nonbinary_scores": 0.6272534013605442,
    "ave": 0.6621365808228052
}