{
    "model": "lawllm",
    "binary_scores": 0.5624529536900671,
    "nonbinary_scores": 0.4725257731958763,
    "ave": 0.5174893634429717
}