{
    "model": "llama3_3",
    "binary_scores": 0.6476352445740201,
    "nonbinary_scores": 0.5006802721088435,
    "ave": 0.5741577583414318
}