{
    "model": "qwen3_4B",
    "binary_scores": 0.6216897473275025,
    "nonbinary_scores": 0.5590136054421768,
    "ave": 0.5903516763848397
}