{
    "model": "qwen2.5-7B",
    "binary_scores": 0.6721250404923874,
    "nonbinary_scores": 0.549234693877551,
    "ave": 0.6106798671849691
}