{
    "model": "qwen3_14B",
    "binary_scores": 0.677020570132815,
    "nonbinary_scores": 0.6284438775510204,
    "ave": 0.6527322238419178
}