{
    "model": "qwen3_8B",
    "binary_scores": 0.6623825720764496,
    "nonbinary_scores": 0.5714455782312925,
    "ave": 0.6169140751538711
}