{
    "model": "qwen3_32B",
    "binary_scores": 0.6963934358465608,
    "nonbinary_scores": 0.6616319444444444,
    "ave": 0.6790126901455026
}