{
    "model": "chatlaw2",
    "binary_scores": 0.5040322580645161,
    "nonbinary_scores": 0.2501344086021505,
    "ave": 0.3770833333333333
}