{
    "model": "claude",
    "binary_scores": 0.5241935483870968,
    "nonbinary_scores": 0.4956989247311827,
    "ave": 0.5099462365591397
}