{
    "model": "gemma27B",
    "binary_scores": 0.5409946236559139,
    "nonbinary_scores": 0.26008064516129037,
    "ave": 0.40053763440860213
}