{
    "model": "gemma12B",
    "binary_scores": 0.478494623655914,
    "nonbinary_scores": 0.19220430107526884,
    "ave": 0.33534946236559143
}