{
    "model": "glm9B",
    "binary_scores": 0.5403225806451613,
    "nonbinary_scores": 0.3235215053763441,
    "ave": 0.43192204301075265
}