{
    "model": "GPT",
    "binary_scores": 0.5584677419354839,
    "nonbinary_scores": 0.4505376344086022,
    "ave": 0.504502688172043
}