{
    "model": "lawllm",
    "binary_scores": 0.4491525423728814,
    "nonbinary_scores": 0.207909604519774,
    "ave": 0.3285310734463277
}