{
    "model": "llama3_3",
    "binary_scores": 0.4388440860215054,
    "nonbinary_scores": 0.2360215053763441,
    "ave": 0.3374327956989247
}