{
    "model": "qwen3_14B",
    "binary_scores": 0.5618279569892474,
    "nonbinary_scores": 0.4432795698924731,
    "ave": 0.5025537634408602
}