{
    "model": "qwen3_32B",
    "binary_scores": 0.5833333333333333,
    "nonbinary_scores": 0.47244623655913975,
    "ave": 0.5278897849462365
}