{
    "model": "qwen3_8B",
    "binary_scores": 0.549731182795699,
    "nonbinary_scores": 0.3689516129032258,
    "ave": 0.4593413978494624
}