{
    "model": "qwen3_4B",
    "binary_scores": 0.5067204301075269,
    "nonbinary_scores": 0.37150537634408604,
    "ave": 0.43911290322580643
}