{
    "model": "qwen2.5-7B",
    "binary_scores": 0.5259562841530054,
    "nonbinary_scores": 0.31284153005464477,
    "ave": 0.4193989071038251
}