{
    "model": "chatlaw2",
    "PRO": 0.0,
    "KEY": 0.0,
    "FIR": 0.014492753623188406,
    "COM": 0.0,
    "CRI": 0.0,
    "PER": 0.9855072463768116,
    "FINE": 0.9855072463768116,
    "VER": 0.9855072463768116,
    "REA": 0.0,
    "LAW": 0.0
}