{
    "model": "claude",
    "PRO": 0.0,
    "KEY": 0.5072463768115942,
    "FIR": 0.9710144927536232,
    "COM": 0.2536231884057971,
    "CRI": 0.8985507246376812,
    "PER": 0.20198351196449016,
    "FINE": 0.08362308493915663,
    "VER": 0.14280329845182338,
    "REA": 0.7304347826086957,
    "LAW": 0.41811529855008117
}