{
    "model": "deepseekr1",
    "PRO": 0.007246376811594203,
    "KEY": 0.041666666666666664,
    "FIR": 0.07246376811594203,
    "COM": 0.024456521739130436,
    "CRI": 0.07246376811594203,
    "PER": 0.9852674066665955,
    "FINE": 0.9724190640133447,
    "VER": 0.9788432353399701,
    "REA": 0.06086956521739131,
    "LAW": 0.04078674948240166
}