{
    "model": "deepseekv3",
    "PRO": 0.0,
    "KEY": 0.3278985507246377,
    "FIR": 0.8260869565217391,
    "COM": 0.16394927536231885,
    "CRI": 0.8115942028985508,
    "PER": 0.32515016416625686,
    "FINE": 0.29005957649358133,
    "VER": 0.3076048703299191,
    "REA": 0.6028985507246377,
    "LAW": 0.33444795944795946
}