{
    "model": "gemma12B",
    "PRO": 0.007246376811594203,
    "KEY": 0.4003623188405797,
    "FIR": 0.9855072463768116,
    "COM": 0.20380434782608695,
    "CRI": 0.8260869565217391,
    "PER": 0.15701215206582025,
    "FINE": 0.14627170161541414,
    "VER": 0.1516419268406172,
    "REA": 0.4681159420289855,
    "LAW": 0.12385685972642492
}