{
    "model": "gemma27B",
    "PRO": 0.036231884057971016,
    "KEY": 0.5380434782608695,
    "FIR": 0.9855072463768116,
    "COM": 0.2871376811594203,
    "CRI": 0.5217391304347826,
    "PER": 0.1670509509477849,
    "FINE": 0.17380646882306355,
    "VER": 0.17042870988542425,
    "REA": 0.37681159420289856,
    "LAW": 0.1759897912071825
}