{
    "model": "glm9B",
    "PRO": 0.021739130434782608,
    "KEY": 0.4746376811594203,
    "FIR": 0.7101449275362319,
    "COM": 0.24818840579710144,
    "CRI": 0.6811594202898551,
    "PER": 0.4396870760049826,
    "FINE": 0.4021353686043325,
    "VER": 0.42091122230465755,
    "REA": 0.418840579710145,
    "LAW": 0.1791492726275335
}