{
    "model": "GPT",
    "PRO": 0.014492753623188406,
    "KEY": 0.5688405797101449,
    "FIR": 1.0,
    "COM": 0.2916666666666667,
    "CRI": 0.927536231884058,
    "PER": 0.088430990737685,
    "FINE": 0.06460498653700336,
    "VER": 0.07651798863734419,
    "REA": 0.6739130434782609,
    "LAW": 0.4144872438350699
}