{
    "model": "internlm3",
    "PRO": 0.0,
    "KEY": 0.3532608695652174,
    "FIR": 0.7246376811594203,
    "COM": 0.1766304347826087,
    "CRI": 0.4782608695652174,
    "PER": 0.5455550867730566,
    "FINE": 0.6303492243546102,
    "VER": 0.5879521555638334,
    "REA": 0.14492753623188406,
    "LAW": 0.004083275822406257
}