{
    "model": "llama3_3",
    "PRO": 0.0,
    "KEY": 0.4365942028985507,
    "FIR": 0.9130434782608695,
    "COM": 0.21829710144927536,
    "CRI": 0.8695652173913043,
    "PER": 0.15843391656920042,
    "FINE": 0.23665823553531287,
    "VER": 0.19754607605225666,
    "REA": 0.544927536231884,
    "LAW": 0.18619488402097095
}