{
    "model": "mistral7B",
    "PRO": 0.007246376811594203,
    "KEY": 0.036231884057971016,
    "FIR": 0.057971014492753624,
    "COM": 0.021739130434782608,
    "CRI": 0.057971014492753624,
    "PER": 0.9630127298714503,
    "FINE": 0.9582705071919023,
    "VER": 0.9606416185316763,
    "REA": 0.034782608695652174,
    "LAW": 0.010921325051759833
}