{
    "model": "qwen2.5-7B",
    "PRO": 0.014492753623188406,
    "KEY": 0.3061594202898551,
    "FIR": 0.6956521739130435,
    "COM": 0.16032608695652173,
    "CRI": 0.6666666666666666,
    "PER": 0.40268574050040923,
    "FINE": 0.3612719329263134,
    "VER": 0.3819788367133613,
    "REA": 0.48695652173913057,
    "LAW": 0.3335782172738694
}