{
    "model": "qwen3_32B",
    "PRO": 0.0,
    "KEY": 0.3804347826086957,
    "FIR": 0.8840579710144928,
    "COM": 0.19021739130434784,
    "CRI": 0.8260869565217391,
    "PER": 0.2516365798021962,
    "FINE": 0.1671305496928557,
    "VER": 0.20938356474752595,
    "REA": 0.6811594202898551,
    "LAW": 0.393528492441536
}