{
    "model": "qwen3_14B",
    "PRO": 0.043478260869565216,
    "KEY": 0.5942028985507246,
    "FIR": 0.8840579710144928,
    "COM": 0.3188405797101449,
    "CRI": 0.855072463768116,
    "PER": 0.17114774886663273,
    "FINE": 0.167988747167496,
    "VER": 0.16956824801706438,
    "REA": 0.6507246376811595,
    "LAW": 0.47038927256318563
}