{
    "model": "qwen3_8B",
    "PRO": 0.0,
    "KEY": 0.1721014492753623,
    "FIR": 0.6376811594202898,
    "COM": 0.08605072463768115,
    "CRI": 0.5072463768115942,
    "PER": 0.42520070015230166,
    "FINE": 0.4248066057397612,
    "VER": 0.42500365294603143,
    "REA": 0.3652173913043479,
    "LAW": 0.2948384144036318
}