{
    "model": "qwen3_4B",
    "PRO": 0.007246376811594203,
    "KEY": 0.30434782608695654,
    "FIR": 0.7101449275362319,
    "COM": 0.15579710144927536,
    "CRI": 0.6521739130434783,
    "PER": 0.4019321030332103,
    "FINE": 0.3643705311458991,
    "VER": 0.38315131708955474,
    "REA": 0.48695652173913057,
    "LAW": 0.2699295471034602
}